Matt Boersma	mboersma@arraybiopharma.com	rewording
Matt Drew	matt.drew@arraybiopharma.com	rewording
whiteinge	whiteinge@eseth.com	rewording
Wijnand Modderman	django@tehmaze.nl	typo
Orestis Markou	orestis@orestis.gr	rewording
Rock Howard	rock@rockhoward.com	rewording
Max Battcher	me@worldmaker.net	rewording
Andrew Johnson	anjohnson@iee.org	rewording
Daniel	daniel.tietze@go4teams.com	rewording
Tipa	tipa@westkarana.com	typo
Vitaliy	vitaliyf@gameaholic.com	punctuation
Nick	nick@efford.org	punctuation
Brad Fults	bfults@gmail.com	punctuation
James Wondrasek	jimmy@silver-tongued-devil.com	rewording
Brenden Bixler	brenden.bixler@gmail.com	typo
Harley	topdeckmail@gmail.com	rewording
Rod Begbie	rod-django@arsecandle.org	linksuggestion
Itai	itai@platonix.com	brokenlink
Lawrence Oluyede	l.oluyede@gmail.com	brokenlink
Carlo C8E Miron	carlo.miron@gmail.com	brokenlink
intgr	intgr@juffo.org	typo
Jeff Croft	jeff@jeffcroft.com	rewording
Don Arbow	donarb@nwlink.com	rewording
Jorge	jorge.gajon@gmail.com	rewording
